product name;product type
Belkin Mouse Pad;Accessories
Computer Game;Accessories
Large Mouse Pad;Accessories
Microsoft Office Home and Student 2016;Accessories
APIE Bluetooth Headphone;Accessories
Apple Earpods;Accessories
Monster Beats By Dr Dre;Accessories
Otium Wireless Sports Bluetooth Headphone;Accessories
Panasonic In-Ear Headphone;Accessories
Philips Flexible Earhook Headphone;Accessories
Audio Cable;Accessories
Etekcity Power Extension Cord Cable;Accessories
Ethernet Cable;Accessories
HDMI Adapter;Accessories
HDMI Cable 6ft;Accessories
iPhone Charger Cable;Accessories
Samsung Charging Cable;Accessories
USB Cable;Accessories
VGA Monitor Cable;Accessories
Ailihen Stereo Headphones;Accessories
Kensington Headphones;Accessories
Koss Home Headphones;Accessories
Logitech ClearChat Headset;Accessories
Logitech Stereo Headset;Accessories
Microsoft Headset;Accessories
Panasonic On-Ear Stereo Headphones;Accessories
PC Gaming Headset;Accessories
XIBERIA Gaming Headset;Accessories
Zombie Gaming Headset;Accessories
3-Button Mouse;Accessories
Gaming Mouse Professional;Accessories
Generic Black 3-Button;Accessories
HP Wireless Mouse;Accessories
Logitech 3-button Mouse;Accessories
Logitech Wireless Mouse;Accessories
Microsoft Basic Optical Mouse;Accessories
Redragon Gaming Mouse;Accessories
Slim Wireless Mouse;Accessories
Wireless Portable Mouse;Accessories
Full Motion Monitor Mount;Accessories
Halter Acrylic Monitor Stand;Accessories
Halter Mesh Metal Monitor Stand;Accessories
Height-Adjustable Standing Desk;Accessories
Multi Media Stand;Accessories
Fire HD Tablet;Tablet
iPad;Tablet
iPad Pro;Tablet
Kindle;Tablet
Samsung Galaxy Tablet;Tablet
Acer Desktop;PC
ASUS Desktop;PC
CYBERPOWER Gamer Desktop;PC
Dell 2 Desktop;PC
Dell Desktop;PC
HP Desktop;PC
iMac;PC
Intel Desktop;PC
Lenovo Desktop Computer;PC
1TB Portable External Hard Drive;Accessories
2TB Portable External Hard Drive;Accessories
3TB Portable External Hard Drive;Accessories
5TB Desktop Hard Drive;Accessories
Slim 2TB Portable External Hard Drive;Accessories
Apple Magic Keyboard;Accessories
Apple Wired Keyboard;Accessories
Apple Wireless Keyboard;Accessories
Backlit LED Gaming Keyboard;Accessories
Dell Wired Keyboard;Accessories
HP USB Keyboard;Accessories
Logitech Keyboard;Accessories
Logitech Wireless Keyboard;Accessories
Rii LED Keyboard;Accessories
Acer Aspire;Laptop
Alienware Laptop;Laptop
Apple MacBook Air;Laptop
Apple MacBook Pro;Laptop
ASUS Chromebook;Laptop
Dell Laptop;Laptop
Eluktronics Pro Gaming Laptop;Laptop
HP Laptop;Laptop
HP Notebook Touchscreen Laptop PC;Laptop
LG Touchscreen Laptop;Laptop
Acer Monitor;Display
AOC Monitor;Display
ASUS 2 Monitor;Display
ASUS Monitor;Display
Dell Monitor;Display
HP Monitor;Display
LG Monitor;Display
Samsung Monitor;Display
Sceptre Monitor;Display
ViewSonic Monitor;Display
Dell KM117 Wireless Keyboard & Mouse;Accessories
EagleTec Wireless Combo Keyboard and Mouse;Accessories
Logitech Desktop MK120 Mouse and keyboard Combo;Accessories
Logitech MK270 Wireless Keyboard and Mouse Combo;Accessories
Logitech MK360 Wireless Keyboard and Mouse Combo;Accessories
Logitech MK550 Wireless Wave Keyboard and Mouse Combo;Accessories
Microsoft Wireless Comfort Keyboard and Mouse;Accessories
Microsoft Wireless Desktop Keyboard and Mouse;Accessories
Rii LED Gaming Keyboard & Mouse Combo;Accessories
Brother Printer Toner;PrinterSupplies
Canon Ink;PrinterSupplies
DYMO Labeling Tape;PrinterSupplies
Epson Black Ink;PrinterSupplies
HP Black & Tri-color Ink;PrinterSupplies
Brother Printer;Printer
Canon Office Printer;Printer
DYMO Label Manker;Printer
Epson Printer;Printer
HP Wireless Printer;Printer
Apple TV;Smart Home Devices
Fire TV Stick;Smart Home Devices
Google Home;Smart Home Devices
Roku Express;Smart Home Devices
Smart Light Bulb;Smart Home Devices
Bose Companion Speakers;Accessories
Cambridge Bluetooth Speaker;Accessories
Cyber Acoustics;Accessories
DOSS Touch Wireless Bluetooth;Accessories
JBL Splashproof Portable Bluetooth Speaker;Accessories
Logitech Multimedia Speakers;Accessories
Mackie CR Speakers;Accessories
Rokono Mini Speaker;Accessories
Sonos;Accessories
